ASCENT,2026-04-05
STILL_HAND,2026-04-05
GATHERING_FORM,2026-04-05
STEADY_HAND,2026-04-05
FIFTH_ENTRY,2026-04-05
TENTH_INSCRIPTION,2026-04-05
PATH_BEGINS,2026-04-05
HABIT_FORMS,2026-04-05
WEIGHT_OF_REPETITION,2026-04-05
DEEPENING,2026-04-06
THOUSAND_INSCRIBED,2026-04-11
ATTENDANT_1,2026-04-05
ATTENDANT_2,2026-04-06
ATTENDANT_3,2026-04-11
CLIMB_WITHOUT_FALL,2026-04-11
CORRESPONDENCE,2026-04-05
MIRROR,2026-04-05
WITNESSED_ASCENT,2026-04-07
SEQUENCE,2026-04-05
CONGREGATION,2026-04-11
USURPER,2026-04-11
FIRST_NAME,2026-04-05
FIRST_TALLY,2026-04-05
MYRIAD,2026-04-11
TURNING_POINT,2026-04-12
ARCHIVIST,2026-04-12
ESTABLISHED_FORM,2026-04-12
